entry,class,source,form,title,location,published,corrected,note,claim_ids
1,label,pipeline,full,The captions of supplementary Figures E.3 and E.4 name the wrong window,"published app. fig. E.3 caption, p. 37

published app. fig. E.4 caption, p. 38","Figure E.3: Uses of Force per 1000 Officers, [[90 days before and after]] BWC deployment, broken out by police district. This figure plots pre- and post-treatment uses of force for both control and treatment group officers in each police district. As the chart indicates, there is no statistically significant difference between the two groups in either [[the 90-day period]] before or after the deployment of BWCs (which occurs on day 0).

Figure E.4: Complaints per 1000 Officers, [[90 days before and after]] BWC deployment, broken out by police district. This figure plots pre- and post-treatment complaints for both control and treatment group officers in each police district. As the chart indicates, there is no statistically significant difference between the two groups in either [[the 90-day period]] before or after the deployment of BWCs (which occurs on day 0).","Figure E.3: Uses of Force per 1000 Officers, [[690 days before and 510 days after]] BWC deployment, broken out by police district. This figure plots pre- and post-treatment uses of force for both control and treatment group officers in each police district. As the chart indicates, there is no statistically significant difference between the two groups in either [[the period]] before or after the deployment of BWCs (which occurs on day 0).

Figure E.4: Complaints per 1000 Officers, [[690 days before and 510 days after]] BWC deployment, broken out by police district. This figure plots pre- and post-treatment complaints for both control and treatment group officers in each police district. As the chart indicates, there is no statistically significant difference between the two groups in either [[the period]] before or after the deployment of BWCs (which occurs on day 0).","Both figures plot the deposited officer-day panel collapsed to 30-day periods, and that panel runs from 690 days before each district's deployment date to 510 days after it, 41 periods in all. The published horizontal axis is broken at $-750$, $-500$, $-250$, $0$, $250$ and $500$ and carries points across that whole span, so the figures are correct and the captions describe something narrower than what is drawn.

The wording appears to have travelled from a figure the supplement does not print. The deposited `time_series_plot.R` draws each outcome twice, once pooled across districts and once faceted by district, and only the pooled version filters the panel to the periods within 100 days of deployment, which on a 30-day grid is exactly the 90 days before and after that the caption names. The faceted version, which is the one published, carries no such filter. The correction is to the caption alone; nothing in the figures changes.

Neither caption's claim about statistical significance is corrected here, because the deposit contains no test behind it. The figures are scatterplots with smoothed conditional means and shaded bands, and the reader is being pointed at overlapping bands rather than at an estimate.",figure_e3_window;figure_e4_window
2,quantity,pipeline,full,"Treatment officers uploaded about 663 videos a year, not about 665",published p. 10330,"On average, treatment officers uploaded about [[665]] videos annually (compared with 14 videos uploaded among control officers).","On average, treatment officers uploaded about [[663]] videos annually (compared with 14 videos uploaded among control officers).","The article's own supplementary Table C.37 gives the same quantity. Its control mean is 13.9 videos a year and its estimated effect of being assigned a camera is 649.1, which sum to 663.0. Computed directly on the analysis sample, the inverse-probability-weighted mean among officers assigned a camera is 663.1. No sample or weighting scheme in the deposit returns 665: dropping the weights gives 659.3 on the seven patrol districts, and taking all 2,224 officers in the trial gives 592.5 weighted and 591.9 unweighted. The control figure of 14 is unchanged and is restated above only because it sits in the same sentence.

The manipulation check the sentence supports is unaffected: officers assigned a camera uploaded roughly 48 times as many videos as control officers, and the difference is significant at any conventional level.",methods_videos_treatment
3,quantity,pipeline,full,"178 officers in the pilot were not given cameras, not 180","published app. A, p. 3","In June 2015, eligible officers in these two districts were randomly assigned to receive a BWC or not: 325 officers were outfitted with BWCs, while [[180]] were not given cameras (the ""control"" group).","In June 2015, eligible officers in these two districts were randomly assigned to receive a BWC or not: 325 officers were outfitted with BWCs, while [[178]] were not given cameras (the ""control"" group).","The two pilot districts are 5D (79 control, 166 camera) and 7D (99 control, 159 camera) in the supplement's own Table A.1. Their camera counts sum to 325, which is exactly the figure the sentence gives; their control counts sum to 178. The deposited officer file agrees with Table A.1 on both, carrying 178 control and 325 camera officers across the two districts. Nothing else in the article depends on the pilot's control count.",appendix_pilot_control
4,cross_reference,pipeline,full,"The alternate measurement plots are in Appendix D, not in a Section 4","published app. A.1, p. 5",The coefficient plots for each of the outcomes using this alternate measurement strategy are provided in [[Section 4]].,The coefficient plots for each of the outcomes using this alternate measurement strategy are provided in [[Appendix D]].,"The supplement's sections are lettered A, B, C, D, E, F, G and it has no Section 4. The alternate measurement plots are Figure D.2, the sole content of Appendix D, ""Application of Alternate Measurement Strategy"", which is the fourth lettered section and is presumably where the numeral came from.",appendix_alternate_section_reference
