paper_id,table_figure,claim,value_script,value_paper,match,value_rewrite,match_rewrite,defect_locus,notes
yokum_ravishankar_coppock_2019,Table C.5,Use of Force: estimate on Officer Assigned BWC,69.78097328458277,73.6,0,73.64518514106906,1,NA,
yokum_ravishankar_coppock_2019,Table C.5,Use of Force: standard error on Officer Assigned BWC,76.56672272876625,87,0,86.98458492144282,1,NA,
yokum_ravishankar_coppock_2019,Table C.5,Use of Force: constant,715.9821696315961,807.2,0,807.1708178104218,1,NA,
yokum_ravishankar_coppock_2019,Table C.5,Use of Force: standard error on the constant,52.168726273329966,59.2,0,59.2392011675213,1,NA,
yokum_ravishankar_coppock_2019,Table C.5,Use of Force (Serious): estimate on Officer Assigned BWC,8.369633218793656,13.8,0,13.81596340785721,1,NA,
yokum_ravishankar_coppock_2019,Table C.5,Use of Force (Serious): standard error on Officer Assigned BWC,12.6802171602541,14.1,0,14.069991912743363,1,NA,
yokum_ravishankar_coppock_2019,Table C.5,Use of Force (Serious): constant,34.83019892020477,36.2,0,36.171771595853826,1,NA,
yokum_ravishankar_coppock_2019,Table C.5,Use of Force (Serious): standard error on the constant,8.565185380925094,9,0,9.014109288272092,1,NA,
yokum_ravishankar_coppock_2019,Table C.5,Use of Force (Other): estimate on Officer Assigned BWC,61.41134006578898,59.8,0,59.829221733211845,1,NA,
yokum_ravishankar_coppock_2019,Table C.5,Use of Force (Other): standard error on Officer Assigned BWC,73.35961646459519,83.4,0,83.36634606663321,1,NA,
yokum_ravishankar_coppock_2019,Table C.5,Use of Force (Other): constant,681.1519707113914,771,0,770.9990462145685,1,NA,
yokum_ravishankar_coppock_2019,Table C.5,Use of Force (Other): standard error on the constant,50.5897580799387,57.5,0,57.53126214848509,1,NA,
yokum_ravishankar_coppock_2019,Table C.7,Use of Force (Night): estimate on Officer Assigned BWC,-31.106208117763117,-33.2,0,-33.15526979813648,1,NA,
yokum_ravishankar_coppock_2019,Table C.7,Use of Force (Night): standard error on Officer Assigned BWC,56.870034637655706,65.2,0,65.18586533404219,1,NA,
yokum_ravishankar_coppock_2019,Table C.7,Use of Force (Night): constant,416.1945447365912,475.2,0,475.1661705298288,1,NA,
yokum_ravishankar_coppock_2019,Table C.7,Use of Force (Night): standard error on the constant,41.108743717064606,47,0,47.02428667208349,1,NA,
yokum_ravishankar_coppock_2019,Table C.7,Complaints (Night): estimate on Officer Assigned BWC,5.809218312697971,12.6,0,12.64603206853572,1,NA,
yokum_ravishankar_coppock_2019,Table C.7,Complaints (Night): standard error on Officer Assigned BWC,18.21815508469232,20.6,0,20.55752070930949,1,NA,
yokum_ravishankar_coppock_2019,Table C.7,Complaints (Night): constant,80.29174593550286,87,0,86.98380377329505,1,NA,
yokum_ravishankar_coppock_2019,Table C.7,Complaints (Night): standard error on the constant,12.398320525137814,13.6,0,13.617628141956528,1,NA,
yokum_ravishankar_coppock_2019,Table C.9,Use of Force: estimate on Officer Assigned BWC,-11.175797931127804,-18.2,0,-18.15286996539445,1,NA,
yokum_ravishankar_coppock_2019,Table C.9,Use of Force: standard error on Officer Assigned BWC,59.73888738759185,67.9,0,67.9029405398763,1,NA,
yokum_ravishankar_coppock_2019,Table C.9,Use of Force: constant,473.189256297015,530.9,0,530.8597323592041,1,NA,
yokum_ravishankar_coppock_2019,Table C.9,Use of Force: standard error on the constant,40.987256732965974,46.6,0,46.6032622768467,1,NA,
yokum_ravishankar_coppock_2019,Table C.9,Use of Force (Serious): estimate on Officer Assigned BWC,1.4475547319969473,5.8,0,5.80623263021103,1,NA,
yokum_ravishankar_coppock_2019,Table C.9,Use of Force (Serious): standard error on Officer Assigned BWC,9.35517108414356,10,0,10.005903531901692,1,NA,
yokum_ravishankar_coppock_2019,Table C.9,Use of Force (Serious): constant,21.98615067983427,21.3,0,21.309563850492765,1,NA,
yokum_ravishankar_coppock_2019,Table C.9,Use of Force (Serious): standard error on the constant,6.958599488262361,6.9,0,6.918537054180257,1,NA,
yokum_ravishankar_coppock_2019,Table C.9,Use of Force (Other): estimate on Officer Assigned BWC,1.6395720637751423,-7.5,0,-7.455073150950738,1,NA,
yokum_ravishankar_coppock_2019,Table C.9,Use of Force (Other): standard error on Officer Assigned BWC,58.907111356990725,67,0,67.03798806878778,1,NA,
yokum_ravishankar_coppock_2019,Table C.9,Use of Force (Other): constant,456.3155928521935,515.5,0,515.4659705954272,1,NA,
yokum_ravishankar_coppock_2019,Table C.9,Use of Force (Other): standard error on the constant,40.288455071893154,45.9,0,45.94331455970626,1,NA,
yokum_ravishankar_coppock_2019,Table C.11,Use of Force: estimate on Officer Assigned BWC,-0.8480599439863828,-1,0,-0.9813138998048802,1,NA,
yokum_ravishankar_coppock_2019,Table C.11,Use of Force: standard error on Officer Assigned BWC,12.423580114469118,14.4,0,14.356751282554152,1,NA,
yokum_ravishankar_coppock_2019,Table C.11,Use of Force: constant,39.5818135071735,45.8,0,45.80122437042328,1,NA,
yokum_ravishankar_coppock_2019,Table C.11,Use of Force: standard error on the constant,8.466119150064909,9.8,0,9.783628550651642,1,NA,
yokum_ravishankar_coppock_2019,Table C.11,Use of Force (Serious): estimate on Officer Assigned BWC,1.5493501425274596,1.8,0,1.7927964188247425,1,NA,
yokum_ravishankar_coppock_2019,Table C.11,Use of Force (Serious): standard error on Officer Assigned BWC,1.5493129391925522,1.8,0,1.7927420219796544,1,NA,
yokum_ravishankar_coppock_2019,Table C.11,Use of Force (Serious): constant,1.4149269795143514e-14,0,1,-4.5691520178631156e-15,1,NA,
yokum_ravishankar_coppock_2019,Table C.11,Use of Force (Serious): standard error on the constant,2.209035390130949e-16,0,1,1.108317930641194e-15,1,NA,
yokum_ravishankar_coppock_2019,Table C.11,Use of Force (Other): estimate on Officer Assigned BWC,3.3990826252985613,3.9,0,3.933173651750427,1,NA,
yokum_ravishankar_coppock_2019,Table C.11,Use of Force (Other): standard error on Officer Assigned BWC,12.464471322387109,14.4,0,14.40181506306173,1,NA,
yokum_ravishankar_coppock_2019,Table C.11,Use of Force (Other): constant,39.581813507173514,45.8,0,45.80122437042342,1,NA,
yokum_ravishankar_coppock_2019,Table C.11,Use of Force (Other): standard error on the constant,8.466119150064907,9.8,0,9.783628550651674,1,NA,
yokum_ravishankar_coppock_2019,Table C.13,Use of Force: estimate on Officer Assigned BWC,6.202463805869933,7.2,0,7.177044487125233,1,NA,
yokum_ravishankar_coppock_2019,Table C.13,Use of Force: standard error on Officer Assigned BWC,8.718180427725033,10.1,0,10.079810026123145,1,NA,
yokum_ravishankar_coppock_2019,Table C.13,Use of Force: constant,18.587138474569905,21.5,0,21.507698214070516,1,NA,
yokum_ravishankar_coppock_2019,Table C.13,Use of Force: standard error on the constant,5.341945217807493,6.2,0,6.177399008458556,1,NA,
yokum_ravishankar_coppock_2019,Table C.13,Use of Force (Serious): estimate on Officer Assigned BWC,0,0,1,0,1,NA,
yokum_ravishankar_coppock_2019,Table C.13,Use of Force (Serious): standard error on Officer Assigned BWC,0,0,1,0,1,NA,
yokum_ravishankar_coppock_2019,Table C.13,Use of Force (Serious): constant,0,0,1,0,1,NA,
yokum_ravishankar_coppock_2019,Table C.13,Use of Force (Serious): standard error on the constant,0,0,1,0,1,NA,
yokum_ravishankar_coppock_2019,Table C.13,Use of Force (Other): estimate on Officer Assigned BWC,7.345809543578341,8.5,0,8.500041844390411,1,NA,
yokum_ravishankar_coppock_2019,Table C.13,Use of Force (Other): standard error on Officer Assigned BWC,8.790551150797722,10.2,0,10.163185039480846,1,NA,
yokum_ravishankar_coppock_2019,Table C.13,Use of Force (Other): constant,18.587138474569972,21.5,0,21.50769821407055,1,NA,
yokum_ravishankar_coppock_2019,Table C.13,Use of Force (Other): standard error on the constant,5.341945217807496,6.2,0,6.177399008458562,1,NA,
yokum_ravishankar_coppock_2019,Table C.15,Use of Force: estimate on Officer Assigned BWC,-7.050523749856085,-8.2,0,-8.158358386930379,1,NA,
yokum_ravishankar_coppock_2019,Table C.15,Use of Force: standard error on Officer Assigned BWC,7.136657931088828,8.3,0,8.252567435927457,1,NA,
yokum_ravishankar_coppock_2019,Table C.15,Use of Force: constant,19.445324890075987,22.5,0,22.50072973752817,1,NA,
yokum_ravishankar_coppock_2019,Table C.15,Use of Force: standard error on the constant,5.644145113107582,6.5,0,6.526246260397162,1,NA,
yokum_ravishankar_coppock_2019,Table C.15,Use of Force (Serious): estimate on Officer Assigned BWC,1.5493501425274596,1.8,0,1.7927964188247425,1,NA,
yokum_ravishankar_coppock_2019,Table C.15,Use of Force (Serious): standard error on Officer Assigned BWC,1.5493129391925522,1.8,0,1.7927420219796544,1,NA,
yokum_ravishankar_coppock_2019,Table C.15,Use of Force (Serious): constant,1.4149269795143514e-14,0,1,-4.5691520178631156e-15,1,NA,
yokum_ravishankar_coppock_2019,Table C.15,Use of Force (Serious): standard error on the constant,2.209035390130949e-16,0,1,1.108317930641194e-15,1,NA,
yokum_ravishankar_coppock_2019,Table C.15,Use of Force (Other): estimate on Officer Assigned BWC,-3.946726918279745,-4.6,0,-4.566868192639957,1,NA,
yokum_ravishankar_coppock_2019,Table C.15,Use of Force (Other): standard error on Officer Assigned BWC,7.776637214666008,9,0,8.992660646300688,1,NA,
yokum_ravishankar_coppock_2019,Table C.15,Use of Force (Other): constant,19.445324890076037,22.5,0,22.50072973752813,1,NA,
yokum_ravishankar_coppock_2019,Table C.15,Use of Force (Other): standard error on the constant,5.644145113107572,6.5,0,6.526246260397149,1,NA,
yokum_ravishankar_coppock_2019,Table C.17,Use of Force: estimate on Officer Assigned BWC,1.259966340052322e-14,0,1,1.4748739482861795e-14,1,NA,
yokum_ravishankar_coppock_2019,Table C.17,Use of Force: standard error on Officer Assigned BWC,2.191134990129852,2.5,0,2.535431515830966,1,NA,
yokum_ravishankar_coppock_2019,Table C.17,Use of Force: constant,1.5493501425274807,1.8,0,1.7927964188247243,1,NA,
yokum_ravishankar_coppock_2019,Table C.17,Use of Force: standard error on the constant,1.5494198789940314,1.8,0,1.7928996107136634,1,NA,
yokum_ravishankar_coppock_2019,Table C.17,Use of Force (Serious): estimate on Officer Assigned BWC,0,0,1,0,1,NA,
yokum_ravishankar_coppock_2019,Table C.17,Use of Force (Serious): standard error on Officer Assigned BWC,0,0,1,0,1,NA,
yokum_ravishankar_coppock_2019,Table C.17,Use of Force (Serious): constant,0,0,1,0,1,NA,
yokum_ravishankar_coppock_2019,Table C.17,Use of Force (Serious): standard error on the constant,0,0,1,0,1,NA,
yokum_ravishankar_coppock_2019,Table C.17,Use of Force (Other): estimate on Officer Assigned BWC,1.259966340052322e-14,0,1,1.4748739482861795e-14,1,NA,
yokum_ravishankar_coppock_2019,Table C.17,Use of Force (Other): standard error on Officer Assigned BWC,2.191134990129852,2.5,0,2.535431515830966,1,NA,
yokum_ravishankar_coppock_2019,Table C.17,Use of Force (Other): constant,1.5493501425274807,1.8,0,1.7927964188247243,1,NA,
yokum_ravishankar_coppock_2019,Table C.17,Use of Force (Other): standard error on the constant,1.5494198789940314,1.8,0,1.7928996107136634,1,NA,
yokum_ravishankar_coppock_2019,Table C.19,Complaints: estimate on Officer Assigned BWC,33.33715494277953,57.3,0,57.26559336674343,1,NA,
yokum_ravishankar_coppock_2019,Table C.19,Complaints: standard error on Officer Assigned BWC,37.01491597049573,41.4,0,41.42901085067545,1,NA,
yokum_ravishankar_coppock_2019,Table C.19,Complaints: constant,268.7048968634229,280.1,0,280.1312667324739,1,NA,
yokum_ravishankar_coppock_2019,Table C.19,Complaints: standard error on the constant,26.747578597412232,29.6,0,29.637789584654296,1,NA,
yokum_ravishankar_coppock_2019,Table C.19,Complaints (Sustained): estimate on Officer Assigned BWC,8.752813600836932,16.9,0,16.88970785845424,1,NA,
yokum_ravishankar_coppock_2019,Table C.19,Complaints (Sustained): standard error on Officer Assigned BWC,13.01416015457008,14.2,0,14.23695390961247,1,NA,
yokum_ravishankar_coppock_2019,Table C.19,Complaints (Sustained): constant,39.28958001346927,38.7,0,38.701490579743975,1,NA,
yokum_ravishankar_coppock_2019,Table C.19,Complaints (Sustained): standard error on the constant,9.87439050534192,10.3,0,10.337580233038343,1,NA,
yokum_ravishankar_coppock_2019,Table C.19,Complaints (Not Sustained): estimate on Officer Assigned BWC,24.584341341942533,40.4,0,40.37588550828926,1,NA,
yokum_ravishankar_coppock_2019,Table C.19,Complaints (Not Sustained): standard error on Officer Assigned BWC,33.00438720083118,37,0,36.95031331899324,1,NA,
yokum_ravishankar_coppock_2019,Table C.19,Complaints (Not Sustained): constant,229.4153168499537,241.4,0,241.4297761527298,1,NA,
yokum_ravishankar_coppock_2019,Table C.19,Complaints (Not Sustained): standard error on the constant,23.505806871894276,26.1,0,26.108978482735207,1,NA,
yokum_ravishankar_coppock_2019,Table C.19,Compliants (Insufficient Facts): estimate on Officer Assigned BWC,-9.121827726838582,-7.9,0,-7.9247664932910356,1,NA,
yokum_ravishankar_coppock_2019,Table C.19,Compliants (Insufficient Facts): standard error on Officer Assigned BWC,12.313905205240422,13.8,0,13.77186416911245,1,NA,
yokum_ravishankar_coppock_2019,Table C.19,Compliants (Insufficient Facts): constant,45.111442614007416,47.8,0,47.776560870024895,1,NA,
yokum_ravishankar_coppock_2019,Table C.19,Compliants (Insufficient Facts): standard error on the constant,9.691072697839596,10.8,0,10.754978887375495,1,NA,
yokum_ravishankar_coppock_2019,Table C.21,Assault on PO: estimate on Officer Assigned BWC,40.51069127789989,71.6,0,71.6323095651241,1,NA,
yokum_ravishankar_coppock_2019,Table C.21,Assault on PO: standard error on Officer Assigned BWC,129.59164672830076,145.7,0,145.69529115165662,1,NA,
yokum_ravishankar_coppock_2019,Table C.21,Assault on PO: constant,1272.604539642519,1381.8,0,1381.7511816880533,1,NA,
yokum_ravishankar_coppock_2019,Table C.21,Assault on PO: standard error on the constant,96.38612877838212,107.8,0,107.84976032488282,1,NA,
yokum_ravishankar_coppock_2019,Table C.21,Felony APO: estimate on Officer Assigned BWC,-14.24062817382804,-16.6,0,-16.642500775552783,1,NA,
yokum_ravishankar_coppock_2019,Table C.21,Felony APO: standard error on Officer Assigned BWC,35.497479784428975,39.1,0,39.06763702161634,1,NA,
yokum_ravishankar_coppock_2019,Table C.21,Felony APO: constant,146.94782247648124,155.2,0,155.17216839718645,1,NA,
yokum_ravishankar_coppock_2019,Table C.21,Felony APO: standard error on the constant,27.342138981193052,29.6,0,29.62375806730521,1,NA,
yokum_ravishankar_coppock_2019,Table C.21,Misdemeanor APO: estimate on Officer Assigned BWC,54.75131945172696,88.3,0,88.2748103406777,1,NA,
yokum_ravishankar_coppock_2019,Table C.21,Misdemeanor APO: standard error on Officer Assigned BWC,117.08113756348224,131.9,0,131.9366866972964,1,NA,
yokum_ravishankar_coppock_2019,Table C.21,Misdemeanor APO: constant,1125.656717166038,1226.6,0,1226.5790132908664,1,NA,
yokum_ravishankar_coppock_2019,Table C.21,Misdemeanor APO: standard error on the constant,86.50564091130829,97.3,0,97.26218024153812,1,NA,
yokum_ravishankar_coppock_2019,Table C.23,Disorderly Conduct: estimate on Officer Assigned BWC,-103.82116441689118,-127.7,0,-127.73392522543098,1,NA,
yokum_ravishankar_coppock_2019,Table C.23,Disorderly Conduct: standard error on Officer Assigned BWC,242.87188195951143,277.2,0,277.2451788885842,1,NA,
yokum_ravishankar_coppock_2019,Table C.23,Disorderly Conduct: constant,1281.4223031612796,1416.5,0,1416.4949875720467,1,NA,
yokum_ravishankar_coppock_2019,Table C.23,Disorderly Conduct: standard error on the constant,163.6439481501751,186.3,0,186.27154449796836,1,NA,
yokum_ravishankar_coppock_2019,Table C.23,Simple Assault: estimate on Officer Assigned BWC,293.6021416998811,430.8,0,430.81772681787896,1,NA,
yokum_ravishankar_coppock_2019,Table C.23,Simple Assault: standard error on Officer Assigned BWC,530.4834100165459,593.1,0,593.101943623807,1,NA,
yokum_ravishankar_coppock_2019,Table C.23,Simple Assault: constant,8090.587929470068,9065.7,0,9065.68472318994,1,NA,
yokum_ravishankar_coppock_2019,Table C.23,Simple Assault: standard error on the constant,394.81791852651946,442.5,0,442.4666339002387,1,NA,
yokum_ravishankar_coppock_2019,Table C.23,Traffic Violation: estimate on Officer Assigned BWC,-10.617873490616288,91.1,0,91.0810802162413,1,NA,
yokum_ravishankar_coppock_2019,Table C.23,Traffic Violation: standard error on Officer Assigned BWC,544.9383366737742,617.2,0,617.1903505666621,1,NA,
yokum_ravishankar_coppock_2019,Table C.23,Traffic Violation: constant,4813.470881482216,5230.6,0,5230.554835255371,1,NA,
yokum_ravishankar_coppock_2019,Table C.23,Traffic Violation: standard error on the constant,406.50312922637886,458.2,0,458.22119666422225,1,NA,
yokum_ravishankar_coppock_2019,Table C.25,DV Report Taken: estimate on Officer Assigned BWC,-8407.219430755613,-9448.5,0,-9448.51981551148,1,NA,
yokum_ravishankar_coppock_2019,Table C.25,DV Report Taken: standard error on Officer Assigned BWC,9848.439964757248,10905.5,0,10905.485428841988,1,NA,
yokum_ravishankar_coppock_2019,Table C.25,DV Report Taken: constant,203562.8163158094,230390.1,0,230390.14697418924,1,NA,
yokum_ravishankar_coppock_2019,Table C.25,DV Report Taken: standard error on the constant,7251.174050637879,8087.3,0,8087.320068718736,1,NA,
yokum_ravishankar_coppock_2019,Table C.25,DV Report Taken (Family): estimate on Officer Assigned BWC,-760.5850389304067,-858.5,0,-858.4581258526641,1,NA,
yokum_ravishankar_coppock_2019,Table C.25,DV Report Taken (Family): standard error on Officer Assigned BWC,784.99456086746,886.4,0,886.4370292161404,1,NA,
yokum_ravishankar_coppock_2019,Table C.25,DV Report Taken (Family): constant,11302.08496682002,12962.6,0,12962.627826633669,1,NA,
yokum_ravishankar_coppock_2019,Table C.25,DV Report Taken (Family): standard error on the constant,597.6959567676877,677.6,0,677.6325732938891,1,NA,
yokum_ravishankar_coppock_2019,Table C.25,DV Report Taken (Not Family): estimate on Officer Assigned BWC,-7646.634391825225,-8590.1,0,-8590.061689658827,1,NA,
yokum_ravishankar_coppock_2019,Table C.25,DV Report Taken (Not Family): standard error on Officer Assigned BWC,9267.063662424756,10260.7,0,10260.742988141656,1,NA,
yokum_ravishankar_coppock_2019,Table C.25,DV Report Taken (Not Family): constant,192260.7313489896,217427.5,0,217427.5191475557,1,NA,
yokum_ravishankar_coppock_2019,Table C.25,DV Report Taken (Not Family): standard error on the constant,6799.548148436578,7582.4,0,7582.428379850719,1,NA,
yokum_ravishankar_coppock_2019,Table C.25,DV Calls: estimate on Officer Assigned BWC,-19738.974706244917,-22217.9,0,-22217.895220925257,1,NA,
yokum_ravishankar_coppock_2019,Table C.25,DV Calls: standard error on Officer Assigned BWC,19293.98132265775,21363.5,0,21363.49149402227,1,NA,
yokum_ravishankar_coppock_2019,Table C.25,DV Calls: constant,393517.31593368266,446876.3,0,446876.26848894666,1,NA,
yokum_ravishankar_coppock_2019,Table C.25,DV Calls: standard error on the constant,14199.555703092608,15822.8,0,15822.759356005046,1,NA,
yokum_ravishankar_coppock_2019,Table C.25,DV Arrests: estimate on Officer Assigned BWC,-438.50000998447223,-464.7,0,-464.6976200595933,1,NA,
yokum_ravishankar_coppock_2019,Table C.25,DV Arrests: standard error on Officer Assigned BWC,398.8399455998219,454.8,0,454.8147992322609,1,NA,
yokum_ravishankar_coppock_2019,Table C.25,DV Arrests: constant,3779.037557775898,4272,0,4272.043801888801,1,NA,
yokum_ravishankar_coppock_2019,Table C.25,DV Arrests: standard error on the constant,306.0505315413774,348.6,0,348.6414491290099,1,NA,
yokum_ravishankar_coppock_2019,Table C.27,Prosecuted: estimate on Officer Assigned BWC,1680.421788317674,2421.6,0,2421.6249724618956,1,NA,
yokum_ravishankar_coppock_2019,Table C.27,Prosecuted: standard error on Officer Assigned BWC,2471.792742498262,2632.7,0,2632.6690217432306,1,NA,
yokum_ravishankar_coppock_2019,Table C.27,Prosecuted: constant,32123.51505426036,33139.1,0,33139.077419179295,1,NA,
yokum_ravishankar_coppock_2019,Table C.27,Prosecuted: standard error on the constant,1722.7831315725264,1814.6,0,1814.586738369937,1,NA,
yokum_ravishankar_coppock_2019,Table C.27,Found Guilty: estimate on Officer Assigned BWC,11.644074546895974,13.5,0,13.47368459536758,1,NA,
yokum_ravishankar_coppock_2019,Table C.27,Found Guilty: standard error on Officer Assigned BWC,17.25289298947168,20,0,19.950265525021557,1,NA,
yokum_ravishankar_coppock_2019,Table C.27,Found Guilty: constant,34.20367245025439,39.6,0,39.57802681028404,1,NA,
yokum_ravishankar_coppock_2019,Table C.27,Found Guilty: standard error on the constant,12.182439293714287,14.1,0,14.087376402493788,1,NA,
yokum_ravishankar_coppock_2019,Table C.27,Not Found Guilty: estimate on Officer Assigned BWC,-13.500704522709327,-15.6,0,-15.622043110564778,1,NA,
yokum_ravishankar_coppock_2019,Table C.27,Not Found Guilty: standard error on Officer Assigned BWC,19.157512912981492,22.2,0,22.156079248798616,1,NA,
yokum_ravishankar_coppock_2019,Table C.27,Not Found Guilty: constant,42.59634987905041,49.3,0,49.28942878824566,1,NA,
yokum_ravishankar_coppock_2019,Table C.27,Not Found Guilty: standard error on the constant,15.29040183624044,17.7,0,17.68182359002625,1,NA,
yokum_ravishankar_coppock_2019,Table C.27,Entered Plea: estimate on Officer Assigned BWC,23.791451134183383,62.8,0,62.752699500310605,1,NA,
yokum_ravishankar_coppock_2019,Table C.27,Entered Plea: standard error on Officer Assigned BWC,306.4893170886935,353.1,0,353.06705173763413,1,NA,
yokum_ravishankar_coppock_2019,Table C.27,Entered Plea: constant,1208.073373879476,1348.5,0,1348.5189155451465,1,NA,
yokum_ravishankar_coppock_2019,Table C.27,Entered Plea: standard error on the constant,159.44348754007194,182,0,182.01444871706153,1,NA,
yokum_ravishankar_coppock_2019,Table C.27,Not Pursued: estimate on Officer Assigned BWC,-98.76019822827024,-114.3,0,-114.27818983333718,1,NA,
yokum_ravishankar_coppock_2019,Table C.27,Not Pursued: standard error on Officer Assigned BWC,88.48849462978724,102.2,0,102.21378122259436,1,NA,
yokum_ravishankar_coppock_2019,Table C.27,Not Pursued: constant,337.1244011355349,390.1,0,390.09608123071314,1,NA,
yokum_ravishankar_coppock_2019,Table C.27,Not Pursued: standard error on the constant,83.01235447845613,95.9,0,95.90399739553884,1,NA,
yokum_ravishankar_coppock_2019,Table C.29,Court Appearances: estimate on Officer Assigned BWC,-1031.7066050399917,-936,0,-935.9607438800404,1,NA,
yokum_ravishankar_coppock_2019,Table C.29,Court Appearances: standard error on Officer Assigned BWC,871.1679586600352,868.5,0,868.5065141999382,1,NA,
yokum_ravishankar_coppock_2019,Table C.29,Court Appearances: constant,11792.144282075227,11798.2,0,11798.203673766217,1,NA,
yokum_ravishankar_coppock_2019,Table C.29,Court Appearances: standard error on the constant,681.1797277453021,683.8,0,683.8454486785582,1,NA,
yokum_ravishankar_coppock_2019,Table C.29,Hours in Court: estimate on Officer Assigned BWC,-3421.6137453805627,-2639,0,-2639.001484826859,1,NA,
yokum_ravishankar_coppock_2019,Table C.29,Hours in Court: standard error on Officer Assigned BWC,2237.3690811276483,2220.5,0,2220.496533432125,1,NA,
yokum_ravishankar_coppock_2019,Table C.29,Hours in Court: constant,28533.594992603394,28026.2,0,28026.150835534125,1,NA,
yokum_ravishankar_coppock_2019,Table C.29,Hours in Court: standard error on the constant,1763.930621453052,1724.3,0,1724.2898761411966,1,NA,
yokum_ravishankar_coppock_2019,Table C.31,Clinic Visits: estimate on Officer Assigned BWC,-21.777628354868757,-23,0,-22.96302481296088,1,NA,
yokum_ravishankar_coppock_2019,Table C.31,Clinic Visits: standard error on Officer Assigned BWC,30.635280956148463,32.8,0,32.801314642479625,1,NA,
yokum_ravishankar_coppock_2019,Table C.31,Clinic Visits: constant,230.5248297033229,237.3,0,237.33523527601264,1,NA,
yokum_ravishankar_coppock_2019,Table C.31,Clinic Visits: standard error on the constant,23.22653657404069,25,0,24.950305859250506,1,NA,
yokum_ravishankar_coppock_2019,Table C.33,Tickets: estimate on Officer Assigned BWC,-2943.5798831719053,-3059.6,0,-3059.566522693641,1,NA,
yokum_ravishankar_coppock_2019,Table C.33,Tickets: standard error on Officer Assigned BWC,6631.591596445968,7460.1,0,7460.115176917371,1,NA,
yokum_ravishankar_coppock_2019,Table C.33,Tickets: constant,23525.646734855356,24815.5,0,24815.451355743397,1,NA,
yokum_ravishankar_coppock_2019,Table C.33,Tickets: standard error on the constant,4824.749946971191,5472.1,0,5472.084910896976,1,NA,
yokum_ravishankar_coppock_2019,Table C.35,Warnings: estimate on Officer Assigned BWC,-144.33771875243335,-4.9,0,-4.885810747389874,1,NA,
yokum_ravishankar_coppock_2019,Table C.35,Warnings: standard error on Officer Assigned BWC,787.8440178672574,868.9,0,868.8953594014467,1,NA,
yokum_ravishankar_coppock_2019,Table C.35,Warnings: constant,4017.0828477550504,4250.7,0,4250.656307076397,1,NA,
yokum_ravishankar_coppock_2019,Table C.35,Warnings: standard error on the constant,552.6717184733521,595.4,0,595.4044454457072,1,NA,
yokum_ravishankar_coppock_2019,Table C.37,Videos per year: estimate on Officer Assigned BWC,580.0735541733603,649.1,0,649.1413491696032,1,NA,
yokum_ravishankar_coppock_2019,Table C.37,Videos per year: standard error on Officer Assigned BWC,15.914211465509394,17.2,0,17.201230198318026,1,NA,
yokum_ravishankar_coppock_2019,Table C.37,Videos per year: constant,12.411817836428778,13.9,0,13.92201054197903,1,NA,
yokum_ravishankar_coppock_2019,Table C.37,Videos per year: standard error on the constant,3.285337015287055,3.8,0,3.788079034566775,1,NA,
yokum_ravishankar_coppock_2019,Table C.37,Average length of videos in minutes: estimate on Officer Assigned BWC,9.688046013940667,10.3,0,10.258589131391568,1,NA,
yokum_ravishankar_coppock_2019,Table C.37,Average length of videos in minutes: standard error on Officer Assigned BWC,0.17670393110653174,0.2,1,0.17198348204997868,1,NA,
yokum_ravishankar_coppock_2019,Table C.37,Average length of videos in minutes: constant,0.6800017250925552,0.8,0,0.7537616125070034,1,NA,
yokum_ravishankar_coppock_2019,Table C.37,Average length of videos in minutes: standard error on the constant,0.08530825526090444,0.1,1,0.09742939177358945,1,NA,
yokum_ravishankar_coppock_2019,Table C.5,N,2224,1922,0,1922,1,NA,"The deposited script fits every one of these models on all 2,224 officers in the trial, not on the 1,922 in the seven patrol districts that the published tables report"
yokum_ravishankar_coppock_2019,Table C.7,N,2224,1922,0,1922,1,NA,"The deposited script fits every one of these models on all 2,224 officers in the trial, not on the 1,922 in the seven patrol districts that the published tables report"
yokum_ravishankar_coppock_2019,Table C.9,N,2224,1922,0,1922,1,NA,"The deposited script fits every one of these models on all 2,224 officers in the trial, not on the 1,922 in the seven patrol districts that the published tables report"
yokum_ravishankar_coppock_2019,Table C.11,N,2224,1922,0,1922,1,NA,"The deposited script fits every one of these models on all 2,224 officers in the trial, not on the 1,922 in the seven patrol districts that the published tables report"
yokum_ravishankar_coppock_2019,Table C.13,N,2224,1922,0,1922,1,NA,"The deposited script fits every one of these models on all 2,224 officers in the trial, not on the 1,922 in the seven patrol districts that the published tables report"
yokum_ravishankar_coppock_2019,Table C.15,N,2224,1922,0,1922,1,NA,"The deposited script fits every one of these models on all 2,224 officers in the trial, not on the 1,922 in the seven patrol districts that the published tables report"
yokum_ravishankar_coppock_2019,Table C.17,N,2224,1922,0,1922,1,NA,"The deposited script fits every one of these models on all 2,224 officers in the trial, not on the 1,922 in the seven patrol districts that the published tables report"
yokum_ravishankar_coppock_2019,Table C.19,N,2224,1922,0,1922,1,NA,"The deposited script fits every one of these models on all 2,224 officers in the trial, not on the 1,922 in the seven patrol districts that the published tables report"
yokum_ravishankar_coppock_2019,Table C.21,N,2224,1922,0,1922,1,NA,"The deposited script fits every one of these models on all 2,224 officers in the trial, not on the 1,922 in the seven patrol districts that the published tables report"
yokum_ravishankar_coppock_2019,Table C.23,N,2224,1922,0,1922,1,NA,"The deposited script fits every one of these models on all 2,224 officers in the trial, not on the 1,922 in the seven patrol districts that the published tables report"
yokum_ravishankar_coppock_2019,Table C.25,N,2224,1922,0,1922,1,NA,"The deposited script fits every one of these models on all 2,224 officers in the trial, not on the 1,922 in the seven patrol districts that the published tables report"
yokum_ravishankar_coppock_2019,Table C.27,N,2224,1922,0,1922,1,NA,"The deposited script fits every one of these models on all 2,224 officers in the trial, not on the 1,922 in the seven patrol districts that the published tables report"
yokum_ravishankar_coppock_2019,Table C.29,N,2224,1922,0,1922,1,NA,"The deposited script fits every one of these models on all 2,224 officers in the trial, not on the 1,922 in the seven patrol districts that the published tables report"
yokum_ravishankar_coppock_2019,Table C.31,N,2224,1922,0,1922,1,NA,"The deposited script fits every one of these models on all 2,224 officers in the trial, not on the 1,922 in the seven patrol districts that the published tables report"
yokum_ravishankar_coppock_2019,Table C.33,N,2224,1922,0,1922,1,NA,"The deposited script fits every one of these models on all 2,224 officers in the trial, not on the 1,922 in the seven patrol districts that the published tables report"
yokum_ravishankar_coppock_2019,Table C.35,N,2224,1922,0,1922,1,NA,"The deposited script fits every one of these models on all 2,224 officers in the trial, not on the 1,922 in the seven patrol districts that the published tables report"
yokum_ravishankar_coppock_2019,Table C.37,N,2224,1922,0,1922,1,NA,"The deposited script fits every one of these models on all 2,224 officers in the trial, not on the 1,922 in the seven patrol districts that the published tables report"
yokum_ravishankar_coppock_2019,Table A.1,1D: officers assigned to control,NA,142,NA,142,1,NA,No deposited script builds this table
yokum_ravishankar_coppock_2019,Table A.1,1D: officers assigned a camera,NA,142,NA,142,1,NA,No deposited script builds this table
yokum_ravishankar_coppock_2019,Table A.1,1D: probability of assignment,NA,0.5,NA,0.5,1,NA,No deposited script builds this table
yokum_ravishankar_coppock_2019,Table A.1,1D Station: officers assigned to control,NA,7,NA,7,1,NA,No deposited script builds this table
yokum_ravishankar_coppock_2019,Table A.1,1D Station: officers assigned a camera,NA,7,NA,7,1,NA,No deposited script builds this table
yokum_ravishankar_coppock_2019,Table A.1,1D Station: probability of assignment,NA,0.5,NA,0.5,1,NA,No deposited script builds this table
yokum_ravishankar_coppock_2019,Table A.1,2D: officers assigned to control,NA,137,NA,137,1,NA,No deposited script builds this table
yokum_ravishankar_coppock_2019,Table A.1,2D: officers assigned a camera,NA,137,NA,137,1,NA,No deposited script builds this table
yokum_ravishankar_coppock_2019,Table A.1,2D: probability of assignment,NA,0.5,NA,0.5,1,NA,No deposited script builds this table
yokum_ravishankar_coppock_2019,Table A.1,3D: officers assigned to control,NA,137,NA,137,1,NA,No deposited script builds this table
yokum_ravishankar_coppock_2019,Table A.1,3D: officers assigned a camera,NA,137,NA,137,1,NA,No deposited script builds this table
yokum_ravishankar_coppock_2019,Table A.1,3D: probability of assignment,NA,0.5,NA,0.5,1,NA,No deposited script builds this table
yokum_ravishankar_coppock_2019,Table A.1,4D: officers assigned to control,NA,141,NA,141,1,NA,No deposited script builds this table
yokum_ravishankar_coppock_2019,Table A.1,4D: officers assigned a camera,NA,141,NA,141,1,NA,No deposited script builds this table
yokum_ravishankar_coppock_2019,Table A.1,4D: probability of assignment,NA,0.5,NA,0.5,1,NA,No deposited script builds this table
yokum_ravishankar_coppock_2019,Table A.1,5D: officers assigned to control,NA,79,NA,79,1,NA,No deposited script builds this table
yokum_ravishankar_coppock_2019,Table A.1,5D: officers assigned a camera,NA,166,NA,166,1,NA,No deposited script builds this table
yokum_ravishankar_coppock_2019,Table A.1,5D: probability of assignment,NA,0.68,NA,0.6775510204081633,1,NA,No deposited script builds this table
yokum_ravishankar_coppock_2019,Table A.1,6D: officers assigned to control,NA,153,NA,153,1,NA,No deposited script builds this table
yokum_ravishankar_coppock_2019,Table A.1,6D: officers assigned a camera,NA,152,NA,152,1,NA,No deposited script builds this table
yokum_ravishankar_coppock_2019,Table A.1,6D: probability of assignment,NA,0.5,NA,0.49836065573770494,1,NA,No deposited script builds this table
yokum_ravishankar_coppock_2019,Table A.1,7D: officers assigned to control,NA,99,NA,99,1,NA,No deposited script builds this table
yokum_ravishankar_coppock_2019,Table A.1,7D: officers assigned a camera,NA,159,NA,159,1,NA,No deposited script builds this table
yokum_ravishankar_coppock_2019,Table A.1,7D: probability of assignment,NA,0.62,NA,0.6162790697674418,1,NA,No deposited script builds this table
yokum_ravishankar_coppock_2019,Table A.1,NSIDa: officers assigned to control,NA,12,NA,12,1,NA,No deposited script builds this table
yokum_ravishankar_coppock_2019,Table A.1,NSIDa: officers assigned a camera,NA,19,NA,19,1,NA,No deposited script builds this table
yokum_ravishankar_coppock_2019,Table A.1,NSIDa: probability of assignment,NA,0.61,NA,0.6129032258064516,1,NA,No deposited script builds this table
yokum_ravishankar_coppock_2019,Table A.1,NSIDb: officers assigned to control,NA,36,NA,36,1,NA,No deposited script builds this table
yokum_ravishankar_coppock_2019,Table A.1,NSIDb: officers assigned a camera,NA,36,NA,36,1,NA,No deposited script builds this table
yokum_ravishankar_coppock_2019,Table A.1,NSIDb: probability of assignment,NA,0.5,NA,0.5,1,NA,No deposited script builds this table
yokum_ravishankar_coppock_2019,Table A.1,SOD: officers assigned to control,NA,48,NA,48,1,NA,No deposited script builds this table
yokum_ravishankar_coppock_2019,Table A.1,SOD: officers assigned a camera,NA,49,NA,49,1,NA,No deposited script builds this table
yokum_ravishankar_coppock_2019,Table A.1,SOD: probability of assignment,NA,0.5,NA,0.5051546391752577,1,NA,No deposited script builds this table
yokum_ravishankar_coppock_2019,Table A.1,School Security: officers assigned to control,NA,44,NA,44,1,NA,No deposited script builds this table
yokum_ravishankar_coppock_2019,Table A.1,School Security: officers assigned a camera,NA,44,NA,44,1,NA,No deposited script builds this table
yokum_ravishankar_coppock_2019,Table A.1,School Security: probability of assignment,NA,0.5,NA,0.5,1,NA,No deposited script builds this table
yokum_ravishankar_coppock_2019,Table A.4,"5D: date of first BWC deployment, as YYYYMMDD",NA,20150628,NA,20150628,1,NA,No deposited script builds this table; the date is the first day of each district's posttreatment window in the deposited officer-day panel
yokum_ravishankar_coppock_2019,Table A.4,"7D: date of first BWC deployment, as YYYYMMDD",NA,20150628,NA,20150628,1,NA,No deposited script builds this table; the date is the first day of each district's posttreatment window in the deposited officer-day panel
yokum_ravishankar_coppock_2019,Table A.4,"3D: date of first BWC deployment, as YYYYMMDD",NA,20160315,NA,20160315,1,NA,No deposited script builds this table; the date is the first day of each district's posttreatment window in the deposited officer-day panel
yokum_ravishankar_coppock_2019,Table A.4,"1D: date of first BWC deployment, as YYYYMMDD",NA,20160322,NA,20160322,1,NA,No deposited script builds this table; the date is the first day of each district's posttreatment window in the deposited officer-day panel
yokum_ravishankar_coppock_2019,Table A.4,"6D: date of first BWC deployment, as YYYYMMDD",NA,20160419,NA,20160419,1,NA,No deposited script builds this table; the date is the first day of each district's posttreatment window in the deposited officer-day panel
yokum_ravishankar_coppock_2019,Table A.4,"4D: date of first BWC deployment, as YYYYMMDD",NA,20160503,NA,20160503,1,NA,No deposited script builds this table; the date is the first day of each district's posttreatment window in the deposited officer-day panel
yokum_ravishankar_coppock_2019,Table A.4,"2D: date of first BWC deployment, as YYYYMMDD",NA,20160517,NA,20160517,1,NA,No deposited script builds this table; the date is the first day of each district's posttreatment window in the deposited officer-day panel
yokum_ravishankar_coppock_2019,"Text, Methods",Officers in the trial,NA,2224,NA,2224,1,NA,
yokum_ravishankar_coppock_2019,"Text, Methods",Officers assigned to control,NA,1035,NA,1035,1,NA,
yokum_ravishankar_coppock_2019,"Text, Methods",Officers assigned a camera,NA,1189,NA,1189,1,NA,
yokum_ravishankar_coppock_2019,"Text, Methods",Officers in the seven patrol districts,NA,1922,NA,1922,1,NA,
yokum_ravishankar_coppock_2019,"Text, Methods","Videos per year, officers assigned a camera",NA,665,NA,663.0633597115815,0,paper_internal,"The article says 'about 665'. The weighted mean in the analysis sample is 663.1, which is also what the article's own Table C.37 implies, since 13.9 plus 649.1 is 663.0. No sample or weighting scheme in the deposit returns 665: dropping the weights gives 659.3 on the analysis sample, and taking all 2,224 officers gives 592.5 weighted and 591.9 unweighted"
yokum_ravishankar_coppock_2019,"Text, Methods","Videos per year, control officers",NA,14,NA,13.922010541979285,1,NA,
yokum_ravishankar_coppock_2019,"Text, Methods","Average video length in minutes, officers assigned a camera",NA,11,NA,11.012350743898557,1,NA,The article says 'over 11 min'
yokum_ravishankar_coppock_2019,"Text, Methods","Average video length in minutes, control officers",NA,0.8,NA,0.7537616125069977,1,NA,
yokum_ravishankar_coppock_2019,"Text, Methods",Manipulation check significance,NA,NA,NA,1.2548748872010677e-233,NA,NA,"The article reports p < 0.001 on both compliance measures. The larger of the two p-values is far below that, so the claim holds, but a bound is not a value and cannot be matched to printed precision"
yokum_ravishankar_coppock_2019,"Text, Results","Use of force, estimate",NA,74,NA,73.64518514106906,1,NA,
yokum_ravishankar_coppock_2019,"Text, Results","Use of force, standard error",NA,87,NA,86.98458492144282,1,NA,
yokum_ravishankar_coppock_2019,"Text, Results","Complaints, estimate",NA,57,NA,57.26559336674343,1,NA,
yokum_ravishankar_coppock_2019,"Text, Results","Complaints, standard error",NA,41,NA,41.42901085067545,1,NA,
yokum_ravishankar_coppock_2019,"Text, Results","Arrests for disorderly conduct, estimate",NA,-128,NA,-127.73392522543098,1,NA,
yokum_ravishankar_coppock_2019,"Text, Results","Arrests for disorderly conduct, standard error",NA,277,NA,277.2451788885842,1,NA,
yokum_ravishankar_coppock_2019,"Text, Results",Outcomes significant at conventional levels,NA,0,NA,0,1,NA,"Counted over the 45 outcomes of Figure C.1. Two of them, serious uses of force against white and against other-race civilians, are identically zero throughout the posttreatment window and have no p-value at all"
yokum_ravishankar_coppock_2019,"Text, Discussion",Districts with a significant effect on use of force,NA,0,NA,0,1,NA,"The Discussion calls the study seven mini-experiments and says the effects are small and insignificant in all seven. No published table reports this, so it is estimated here district by district"
yokum_ravishankar_coppock_2019,"Text, Discussion",Days in 2016 with at least one video per treated call for service (per cent),NA,98,NA,NA,NA,NA,The calls-for-service data behind this figure are not in the deposit
yokum_ravishankar_coppock_2019,"Text, Discussion",Average adherence on the remaining days (per cent),NA,96,NA,NA,NA,NA,The calls-for-service data behind this figure are not in the deposit
yokum_ravishankar_coppock_2019,"Text, Discussion",Share of calls answered by control officers only,NA,NA,NA,NA,NA,NA,Stated as approximately one-third. The calls-for-service data behind it are not in the deposit
yokum_ravishankar_coppock_2019,Figure 1,"Difference-in-means series, three outcomes",NA,NA,NA,3,NA,NA,"The figure prints no numbers. Its three unadjusted estimates are the ones the Results section states in words and Tables C.5, C.19 and C.23 print, and those rows are checked above"
yokum_ravishankar_coppock_2019,Figure 1,"Covariate-adjusted series, three outcomes",NA,NA,NA,NA,NA,NA,"Not reproducible. The published series adjusts for officer gender, race and length of service, which the deposit cannot contain without identifying officers. The series drawn in the rewrite adjusts for the pretreatment outcome alone and is labelled as such"
yokum_ravishankar_coppock_2019,Figure C.1,"Difference-in-means series, 45 outcomes",NA,NA,NA,45,NA,NA,"The figure prints no numbers. Matched on the outcome column name, all 45 plotted unadjusted estimates and standard errors agree with the appendix table entries for the same outcome to within 0, and those table rows are checked above"
yokum_ravishankar_coppock_2019,Figure C.1,"Covariate-adjusted series, 45 outcomes",NA,NA,NA,NA,NA,NA,"Not reproducible, for the same reason as Figure 1"
yokum_ravishankar_coppock_2019,Figure D.2,All outcomes under the alternate measurement strategy,NA,NA,NA,NA,NA,NA,"Not reproducible. The alternate measurement strategy uses the full observation window for every district, and the deposited officer file carries only the 212-day rates"
yokum_ravishankar_coppock_2019,Figure E.3,"Uses of force per 1,000 officers by district and period",NA,NA,NA,432,NA,NA,"The figure prints no numbers. The deposited officer-day panel reproduces the 432 plotted points. The caption says 90 days before and after deployment; the published axis runs from about 750 days before to 500 days after, so the caption describes a window the figure does not show"
yokum_ravishankar_coppock_2019,Figure E.4,"Complaints per 1,000 officers by district and period",NA,NA,NA,432,NA,NA,"As Figure E.3, including the caption's 90-day claim"
yokum_ravishankar_coppock_2019,Figure E.5,Case-generating calls for service and videos uploaded per day,NA,NA,NA,NA,NA,NA,Not reproducible. The calls-for-service series is not in the deposit
yokum_ravishankar_coppock_2019,Table A.2,Pretreatment race and sex distribution,NA,NA,NA,NA,NA,NA,Not reproducible. Officer race and sex are not in the deposit
yokum_ravishankar_coppock_2019,Table A.3,Pretreatment length of service,NA,NA,NA,NA,NA,NA,Not reproducible. Officer length of service is not in the deposit
yokum_ravishankar_coppock_2019,Table C.6,"Covariate-adjusted estimates, use of force",NA,NA,NA,NA,NA,NA,"Not reproducible. Every column of this table conditions on officer gender, race and length of service, which the deposit cannot contain without identifying officers. The covariate rows the table prints are the pretreatment outcome, gender, a three-category race variable and length of service, with no block indicators, although the article's Eq. 1 writes the specification with a vector of major-block indicators. The deposit's own README lists a regression_tables_cov.R that would have produced these tables, and that file is not in the deposit"
yokum_ravishankar_coppock_2019,Table C.8,"Covariate-adjusted estimates, use of force and complaints at night",NA,NA,NA,NA,NA,NA,"Not reproducible. Every column of this table conditions on officer gender, race and length of service, which the deposit cannot contain without identifying officers. The covariate rows the table prints are the pretreatment outcome, gender, a three-category race variable and length of service, with no block indicators, although the article's Eq. 1 writes the specification with a vector of major-block indicators. The deposit's own README lists a regression_tables_cov.R that would have produced these tables, and that file is not in the deposit"
yokum_ravishankar_coppock_2019,Table C.10,"Covariate-adjusted estimates, use of force, black civilians",NA,NA,NA,NA,NA,NA,"Not reproducible. Every column of this table conditions on officer gender, race and length of service, which the deposit cannot contain without identifying officers. The covariate rows the table prints are the pretreatment outcome, gender, a three-category race variable and length of service, with no block indicators, although the article's Eq. 1 writes the specification with a vector of major-block indicators. The deposit's own README lists a regression_tables_cov.R that would have produced these tables, and that file is not in the deposit"
yokum_ravishankar_coppock_2019,Table C.12,"Covariate-adjusted estimates, use of force, nonblack civilians",NA,NA,NA,NA,NA,NA,"Not reproducible. Every column of this table conditions on officer gender, race and length of service, which the deposit cannot contain without identifying officers. The covariate rows the table prints are the pretreatment outcome, gender, a three-category race variable and length of service, with no block indicators, although the article's Eq. 1 writes the specification with a vector of major-block indicators. The deposit's own README lists a regression_tables_cov.R that would have produced these tables, and that file is not in the deposit"
yokum_ravishankar_coppock_2019,Table C.14,"Covariate-adjusted estimates, use of force, white civilians",NA,NA,NA,NA,NA,NA,"Not reproducible. Every column of this table conditions on officer gender, race and length of service, which the deposit cannot contain without identifying officers. The covariate rows the table prints are the pretreatment outcome, gender, a three-category race variable and length of service, with no block indicators, although the article's Eq. 1 writes the specification with a vector of major-block indicators. The deposit's own README lists a regression_tables_cov.R that would have produced these tables, and that file is not in the deposit"
yokum_ravishankar_coppock_2019,Table C.16,"Covariate-adjusted estimates, use of force, Hispanic civilians",NA,NA,NA,NA,NA,NA,"Not reproducible. Every column of this table conditions on officer gender, race and length of service, which the deposit cannot contain without identifying officers. The covariate rows the table prints are the pretreatment outcome, gender, a three-category race variable and length of service, with no block indicators, although the article's Eq. 1 writes the specification with a vector of major-block indicators. The deposit's own README lists a regression_tables_cov.R that would have produced these tables, and that file is not in the deposit"
yokum_ravishankar_coppock_2019,Table C.18,"Covariate-adjusted estimates, use of force, other-race civilians",NA,NA,NA,NA,NA,NA,"Not reproducible. Every column of this table conditions on officer gender, race and length of service, which the deposit cannot contain without identifying officers. The covariate rows the table prints are the pretreatment outcome, gender, a three-category race variable and length of service, with no block indicators, although the article's Eq. 1 writes the specification with a vector of major-block indicators. The deposit's own README lists a regression_tables_cov.R that would have produced these tables, and that file is not in the deposit"
yokum_ravishankar_coppock_2019,Table C.20,"Covariate-adjusted estimates, complaints",NA,NA,NA,NA,NA,NA,"Not reproducible. Every column of this table conditions on officer gender, race and length of service, which the deposit cannot contain without identifying officers. The covariate rows the table prints are the pretreatment outcome, gender, a three-category race variable and length of service, with no block indicators, although the article's Eq. 1 writes the specification with a vector of major-block indicators. The deposit's own README lists a regression_tables_cov.R that would have produced these tables, and that file is not in the deposit"
yokum_ravishankar_coppock_2019,Table C.22,"Covariate-adjusted estimates, assaults on police officers",NA,NA,NA,NA,NA,NA,"Not reproducible. Every column of this table conditions on officer gender, race and length of service, which the deposit cannot contain without identifying officers. The covariate rows the table prints are the pretreatment outcome, gender, a three-category race variable and length of service, with no block indicators, although the article's Eq. 1 writes the specification with a vector of major-block indicators. The deposit's own README lists a regression_tables_cov.R that would have produced these tables, and that file is not in the deposit"
yokum_ravishankar_coppock_2019,Table C.24,"Covariate-adjusted estimates, discretionary arrests",NA,NA,NA,NA,NA,NA,"Not reproducible. Every column of this table conditions on officer gender, race and length of service, which the deposit cannot contain without identifying officers. The covariate rows the table prints are the pretreatment outcome, gender, a three-category race variable and length of service, with no block indicators, although the article's Eq. 1 writes the specification with a vector of major-block indicators. The deposit's own README lists a regression_tables_cov.R that would have produced these tables, and that file is not in the deposit"
yokum_ravishankar_coppock_2019,Table C.26,"Covariate-adjusted estimates, domestic violence outcomes",NA,NA,NA,NA,NA,NA,"Not reproducible. Every column of this table conditions on officer gender, race and length of service, which the deposit cannot contain without identifying officers. The covariate rows the table prints are the pretreatment outcome, gender, a three-category race variable and length of service, with no block indicators, although the article's Eq. 1 writes the specification with a vector of major-block indicators. The deposit's own README lists a regression_tables_cov.R that would have produced these tables, and that file is not in the deposit"
yokum_ravishankar_coppock_2019,Table C.28,"Covariate-adjusted estimates, judicial outcomes",NA,NA,NA,NA,NA,NA,"Not reproducible. Every column of this table conditions on officer gender, race and length of service, which the deposit cannot contain without identifying officers. The covariate rows the table prints are the pretreatment outcome, gender, a three-category race variable and length of service, with no block indicators, although the article's Eq. 1 writes the specification with a vector of major-block indicators. The deposit's own README lists a regression_tables_cov.R that would have produced these tables, and that file is not in the deposit"
yokum_ravishankar_coppock_2019,Table C.30,"Covariate-adjusted estimates, court appearances",NA,NA,NA,NA,NA,NA,"Not reproducible. Every column of this table conditions on officer gender, race and length of service, which the deposit cannot contain without identifying officers. The covariate rows the table prints are the pretreatment outcome, gender, a three-category race variable and length of service, with no block indicators, although the article's Eq. 1 writes the specification with a vector of major-block indicators. The deposit's own README lists a regression_tables_cov.R that would have produced these tables, and that file is not in the deposit"
yokum_ravishankar_coppock_2019,Table C.32,"Covariate-adjusted estimates, clinic visits",NA,NA,NA,NA,NA,NA,"Not reproducible. Every column of this table conditions on officer gender, race and length of service, which the deposit cannot contain without identifying officers. The covariate rows the table prints are the pretreatment outcome, gender, a three-category race variable and length of service, with no block indicators, although the article's Eq. 1 writes the specification with a vector of major-block indicators. The deposit's own README lists a regression_tables_cov.R that would have produced these tables, and that file is not in the deposit"
yokum_ravishankar_coppock_2019,Table C.34,"Covariate-adjusted estimates, tickets",NA,NA,NA,NA,NA,NA,"Not reproducible. Every column of this table conditions on officer gender, race and length of service, which the deposit cannot contain without identifying officers. The covariate rows the table prints are the pretreatment outcome, gender, a three-category race variable and length of service, with no block indicators, although the article's Eq. 1 writes the specification with a vector of major-block indicators. The deposit's own README lists a regression_tables_cov.R that would have produced these tables, and that file is not in the deposit"
yokum_ravishankar_coppock_2019,Table C.36,"Covariate-adjusted estimates, warnings",NA,NA,NA,NA,NA,NA,"Not reproducible. Every column of this table conditions on officer gender, race and length of service, which the deposit cannot contain without identifying officers. The covariate rows the table prints are the pretreatment outcome, gender, a three-category race variable and length of service, with no block indicators, although the article's Eq. 1 writes the specification with a vector of major-block indicators. The deposit's own README lists a regression_tables_cov.R that would have produced these tables, and that file is not in the deposit"
